instance,source_file,problem,formulation,linearcons,n,num_edges,density,replicate,scale,input_objective_sense,reported_objective_sense,objective_scale,objective_multiplier,bound_time_seconds,upper_variables,lower_variables,upper_constraints,lower_constraints,nonzero_interactions,mps_file,aux_file
SP_N25_rc_1_rGamma_1_dc_0.035_dGamma_0.0005_SP_N25_ID01,instances/originalSP/N25_rc_1_rGamma_1_dc_0.035_dGamma_0.0005/SP_N25_rc_1_rGamma_1_dc_0.035_dGamma_0.0005_SP_N25_ID01.txt,TSP,DDRO_BI,A,25,300,,1,100,min,min,100,0.01,2.249963,1200,600,1825,901,13708,SP_N25_rc_1_rGamma_1_dc_0.035_dGamma_0.0005_SP_N25_ID01.mps,SP_N25_rc_1_rGamma_1_dc_0.035_dGamma_0.0005_SP_N25_ID01.aux
SP_N25_rc_1_rGamma_1_dc_0.035_dGamma_0.0005_SP_N25_ID02,instances/originalSP/N25_rc_1_rGamma_1_dc_0.035_dGamma_0.0005/SP_N25_rc_1_rGamma_1_dc_0.035_dGamma_0.0005_SP_N25_ID02.txt,TSP,DDRO_BI,A,25,300,,2,100,min,min,100,0.01,2.107851,1200,600,1825,901,13708,SP_N25_rc_1_rGamma_1_dc_0.035_dGamma_0.0005_SP_N25_ID02.mps,SP_N25_rc_1_rGamma_1_dc_0.035_dGamma_0.0005_SP_N25_ID02.aux
SP_N25_rc_1_rGamma_1_dc_0.035_dGamma_0.0005_SP_N25_ID03,instances/originalSP/N25_rc_1_rGamma_1_dc_0.035_dGamma_0.0005/SP_N25_rc_1_rGamma_1_dc_0.035_dGamma_0.0005_SP_N25_ID03.txt,TSP,DDRO_BI,A,25,300,,3,100,min,min,100,0.01,2.133453,1200,600,1825,901,13800,SP_N25_rc_1_rGamma_1_dc_0.035_dGamma_0.0005_SP_N25_ID03.mps,SP_N25_rc_1_rGamma_1_dc_0.035_dGamma_0.0005_SP_N25_ID03.aux
SP_N25_rc_1_rGamma_1_dc_0.035_dGamma_0.0005_SP_N25_ID04,instances/originalSP/N25_rc_1_rGamma_1_dc_0.035_dGamma_0.0005/SP_N25_rc_1_rGamma_1_dc_0.035_dGamma_0.0005_SP_N25_ID04.txt,TSP,DDRO_BI,A,25,300,,4,100,min,min,100,0.01,2.088773,1200,600,1825,901,13754,SP_N25_rc_1_rGamma_1_dc_0.035_dGamma_0.0005_SP_N25_ID04.mps,SP_N25_rc_1_rGamma_1_dc_0.035_dGamma_0.0005_SP_N25_ID04.aux
SP_N25_rc_1_rGamma_1_dc_0.035_dGamma_0.0005_SP_N25_ID05,instances/originalSP/N25_rc_1_rGamma_1_dc_0.035_dGamma_0.0005/SP_N25_rc_1_rGamma_1_dc_0.035_dGamma_0.0005_SP_N25_ID05.txt,TSP,DDRO_BI,A,25,300,,5,100,min,min,100,0.01,2.043317,1200,600,1825,901,13800,SP_N25_rc_1_rGamma_1_dc_0.035_dGamma_0.0005_SP_N25_ID05.mps,SP_N25_rc_1_rGamma_1_dc_0.035_dGamma_0.0005_SP_N25_ID05.aux
SP_N25_rc_1_rGamma_1_dc_0.035_dGamma_0.0005_SP_N25_ID06,instances/originalSP/N25_rc_1_rGamma_1_dc_0.035_dGamma_0.0005/SP_N25_rc_1_rGamma_1_dc_0.035_dGamma_0.0005_SP_N25_ID06.txt,TSP,DDRO_BI,A,25,300,,6,100,min,min,100,0.01,2.047571,1200,600,1825,901,13754,SP_N25_rc_1_rGamma_1_dc_0.035_dGamma_0.0005_SP_N25_ID06.mps,SP_N25_rc_1_rGamma_1_dc_0.035_dGamma_0.0005_SP_N25_ID06.aux
SP_N25_rc_1_rGamma_1_dc_0.035_dGamma_0.0005_SP_N25_ID07,instances/originalSP/N25_rc_1_rGamma_1_dc_0.035_dGamma_0.0005/SP_N25_rc_1_rGamma_1_dc_0.035_dGamma_0.0005_SP_N25_ID07.txt,TSP,DDRO_BI,A,25,300,,7,100,min,min,100,0.01,2.072989,1200,600,1825,901,13754,SP_N25_rc_1_rGamma_1_dc_0.035_dGamma_0.0005_SP_N25_ID07.mps,SP_N25_rc_1_rGamma_1_dc_0.035_dGamma_0.0005_SP_N25_ID07.aux
SP_N25_rc_1_rGamma_1_dc_0.035_dGamma_0.0005_SP_N25_ID08,instances/originalSP/N25_rc_1_rGamma_1_dc_0.035_dGamma_0.0005/SP_N25_rc_1_rGamma_1_dc_0.035_dGamma_0.0005_SP_N25_ID08.txt,TSP,DDRO_BI,A,25,300,,8,100,min,min,100,0.01,2.036314,1200,600,1825,901,13708,SP_N25_rc_1_rGamma_1_dc_0.035_dGamma_0.0005_SP_N25_ID08.mps,SP_N25_rc_1_rGamma_1_dc_0.035_dGamma_0.0005_SP_N25_ID08.aux
SP_N25_rc_1_rGamma_1_dc_0.035_dGamma_0.0005_SP_N25_ID09,instances/originalSP/N25_rc_1_rGamma_1_dc_0.035_dGamma_0.0005/SP_N25_rc_1_rGamma_1_dc_0.035_dGamma_0.0005_SP_N25_ID09.txt,TSP,DDRO_BI,A,25,300,,9,100,min,min,100,0.01,2.143324,1200,600,1825,901,13754,SP_N25_rc_1_rGamma_1_dc_0.035_dGamma_0.0005_SP_N25_ID09.mps,SP_N25_rc_1_rGamma_1_dc_0.035_dGamma_0.0005_SP_N25_ID09.aux
SP_N25_rc_1_rGamma_1_dc_0.035_dGamma_0.0005_SP_N25_ID10,instances/originalSP/N25_rc_1_rGamma_1_dc_0.035_dGamma_0.0005/SP_N25_rc_1_rGamma_1_dc_0.035_dGamma_0.0005_SP_N25_ID10.txt,TSP,DDRO_BI,A,25,300,,10,100,min,min,100,0.01,2.086844,1200,600,1825,901,13754,SP_N25_rc_1_rGamma_1_dc_0.035_dGamma_0.0005_SP_N25_ID10.mps,SP_N25_rc_1_rGamma_1_dc_0.035_dGamma_0.0005_SP_N25_ID10.aux
SP_N25_rc_1_rGamma_1_dc_0.035_dGamma_0.0005_SP_N25_ID11,instances/originalSP/N25_rc_1_rGamma_1_dc_0.035_dGamma_0.0005/SP_N25_rc_1_rGamma_1_dc_0.035_dGamma_0.0005_SP_N25_ID11.txt,TSP,DDRO_BI,A,25,300,,11,100,min,min,100,0.01,2.069727,1200,600,1825,901,13754,SP_N25_rc_1_rGamma_1_dc_0.035_dGamma_0.0005_SP_N25_ID11.mps,SP_N25_rc_1_rGamma_1_dc_0.035_dGamma_0.0005_SP_N25_ID11.aux
SP_N25_rc_1_rGamma_1_dc_0.035_dGamma_0.0005_SP_N25_ID12,instances/originalSP/N25_rc_1_rGamma_1_dc_0.035_dGamma_0.0005/SP_N25_rc_1_rGamma_1_dc_0.035_dGamma_0.0005_SP_N25_ID12.txt,TSP,DDRO_BI,A,25,300,,12,100,min,min,100,0.01,2.040688,1200,600,1825,901,13800,SP_N25_rc_1_rGamma_1_dc_0.035_dGamma_0.0005_SP_N25_ID12.mps,SP_N25_rc_1_rGamma_1_dc_0.035_dGamma_0.0005_SP_N25_ID12.aux
SP_N25_rc_1_rGamma_1_dc_0.035_dGamma_0.0005_SP_N25_ID13,instances/originalSP/N25_rc_1_rGamma_1_dc_0.035_dGamma_0.0005/SP_N25_rc_1_rGamma_1_dc_0.035_dGamma_0.0005_SP_N25_ID13.txt,TSP,DDRO_BI,A,25,300,,13,100,min,min,100,0.01,2.063789,1200,600,1825,901,13662,SP_N25_rc_1_rGamma_1_dc_0.035_dGamma_0.0005_SP_N25_ID13.mps,SP_N25_rc_1_rGamma_1_dc_0.035_dGamma_0.0005_SP_N25_ID13.aux
SP_N25_rc_1_rGamma_1_dc_0.035_dGamma_0.0005_SP_N25_ID14,instances/originalSP/N25_rc_1_rGamma_1_dc_0.035_dGamma_0.0005/SP_N25_rc_1_rGamma_1_dc_0.035_dGamma_0.0005_SP_N25_ID14.txt,TSP,DDRO_BI,A,25,300,,14,100,min,min,100,0.01,2.080109,1200,600,1825,901,13708,SP_N25_rc_1_rGamma_1_dc_0.035_dGamma_0.0005_SP_N25_ID14.mps,SP_N25_rc_1_rGamma_1_dc_0.035_dGamma_0.0005_SP_N25_ID14.aux
SP_N25_rc_1_rGamma_1_dc_0.035_dGamma_0.0005_SP_N25_ID15,instances/originalSP/N25_rc_1_rGamma_1_dc_0.035_dGamma_0.0005/SP_N25_rc_1_rGamma_1_dc_0.035_dGamma_0.0005_SP_N25_ID15.txt,TSP,DDRO_BI,A,25,300,,15,100,min,min,100,0.01,2.108914,1200,600,1825,901,13800,SP_N25_rc_1_rGamma_1_dc_0.035_dGamma_0.0005_SP_N25_ID15.mps,SP_N25_rc_1_rGamma_1_dc_0.035_dGamma_0.0005_SP_N25_ID15.aux
SP_N25_rc_1_rGamma_1_dc_0.035_dGamma_0.0005_SP_N25_ID16,instances/originalSP/N25_rc_1_rGamma_1_dc_0.035_dGamma_0.0005/SP_N25_rc_1_rGamma_1_dc_0.035_dGamma_0.0005_SP_N25_ID16.txt,TSP,DDRO_BI,A,25,300,,16,100,min,min,100,0.01,2.054535,1200,600,1825,901,13800,SP_N25_rc_1_rGamma_1_dc_0.035_dGamma_0.0005_SP_N25_ID16.mps,SP_N25_rc_1_rGamma_1_dc_0.035_dGamma_0.0005_SP_N25_ID16.aux
SP_N25_rc_1_rGamma_1_dc_0.035_dGamma_0.0005_SP_N25_ID17,instances/originalSP/N25_rc_1_rGamma_1_dc_0.035_dGamma_0.0005/SP_N25_rc_1_rGamma_1_dc_0.035_dGamma_0.0005_SP_N25_ID17.txt,TSP,DDRO_BI,A,25,300,,17,100,min,min,100,0.01,2.053411,1200,600,1825,901,13800,SP_N25_rc_1_rGamma_1_dc_0.035_dGamma_0.0005_SP_N25_ID17.mps,SP_N25_rc_1_rGamma_1_dc_0.035_dGamma_0.0005_SP_N25_ID17.aux
SP_N25_rc_1_rGamma_1_dc_0.035_dGamma_0.0005_SP_N25_ID18,instances/originalSP/N25_rc_1_rGamma_1_dc_0.035_dGamma_0.0005/SP_N25_rc_1_rGamma_1_dc_0.035_dGamma_0.0005_SP_N25_ID18.txt,TSP,DDRO_BI,A,25,300,,18,100,min,min,100,0.01,2.145856,1200,600,1825,901,13708,SP_N25_rc_1_rGamma_1_dc_0.035_dGamma_0.0005_SP_N25_ID18.mps,SP_N25_rc_1_rGamma_1_dc_0.035_dGamma_0.0005_SP_N25_ID18.aux
SP_N25_rc_1_rGamma_1_dc_0.035_dGamma_0.0005_SP_N25_ID19,instances/originalSP/N25_rc_1_rGamma_1_dc_0.035_dGamma_0.0005/SP_N25_rc_1_rGamma_1_dc_0.035_dGamma_0.0005_SP_N25_ID19.txt,TSP,DDRO_BI,A,25,300,,19,100,min,min,100,0.01,2.086576,1200,600,1825,901,13800,SP_N25_rc_1_rGamma_1_dc_0.035_dGamma_0.0005_SP_N25_ID19.mps,SP_N25_rc_1_rGamma_1_dc_0.035_dGamma_0.0005_SP_N25_ID19.aux
SP_N25_rc_1_rGamma_1_dc_0.035_dGamma_0.0005_SP_N25_ID20,instances/originalSP/N25_rc_1_rGamma_1_dc_0.035_dGamma_0.0005/SP_N25_rc_1_rGamma_1_dc_0.035_dGamma_0.0005_SP_N25_ID20.txt,TSP,DDRO_BI,A,25,300,,20,100,min,min,100,0.01,2.097099,1200,600,1825,901,13800,SP_N25_rc_1_rGamma_1_dc_0.035_dGamma_0.0005_SP_N25_ID20.mps,SP_N25_rc_1_rGamma_1_dc_0.035_dGamma_0.0005_SP_N25_ID20.aux
SP_N50_rc_1_rGamma_1_dc_0.035_dGamma_0.0005_SP_N50_ID01,instances/originalSP/N50_rc_1_rGamma_1_dc_0.035_dGamma_0.0005/SP_N50_rc_1_rGamma_1_dc_0.035_dGamma_0.0005_SP_N50_ID01.txt,TSP,DDRO_BI,A,50,1225,,1,100,min,min,100,0.01,24.487123,4900,2450,7400,3676,117312,SP_N50_rc_1_rGamma_1_dc_0.035_dGamma_0.0005_SP_N50_ID01.mps,SP_N50_rc_1_rGamma_1_dc_0.035_dGamma_0.0005_SP_N50_ID01.aux
SP_N50_rc_1_rGamma_1_dc_0.035_dGamma_0.0005_SP_N50_ID02,instances/originalSP/N50_rc_1_rGamma_1_dc_0.035_dGamma_0.0005/SP_N50_rc_1_rGamma_1_dc_0.035_dGamma_0.0005_SP_N50_ID02.txt,TSP,DDRO_BI,A,50,1225,,2,100,min,min,100,0.01,24.814898,4900,2450,7400,3676,117216,SP_N50_rc_1_rGamma_1_dc_0.035_dGamma_0.0005_SP_N50_ID02.mps,SP_N50_rc_1_rGamma_1_dc_0.035_dGamma_0.0005_SP_N50_ID02.aux
SP_N50_rc_1_rGamma_1_dc_0.035_dGamma_0.0005_SP_N50_ID03,instances/originalSP/N50_rc_1_rGamma_1_dc_0.035_dGamma_0.0005/SP_N50_rc_1_rGamma_1_dc_0.035_dGamma_0.0005_SP_N50_ID03.txt,TSP,DDRO_BI,A,50,1225,,3,100,min,min,100,0.01,24.114491,4900,2450,7400,3676,117312,SP_N50_rc_1_rGamma_1_dc_0.035_dGamma_0.0005_SP_N50_ID03.mps,SP_N50_rc_1_rGamma_1_dc_0.035_dGamma_0.0005_SP_N50_ID03.aux
SP_N50_rc_1_rGamma_1_dc_0.035_dGamma_0.0005_SP_N50_ID04,instances/originalSP/N50_rc_1_rGamma_1_dc_0.035_dGamma_0.0005/SP_N50_rc_1_rGamma_1_dc_0.035_dGamma_0.0005_SP_N50_ID04.txt,TSP,DDRO_BI,A,50,1225,,4,100,min,min,100,0.01,24.131960,4900,2450,7400,3676,117312,SP_N50_rc_1_rGamma_1_dc_0.035_dGamma_0.0005_SP_N50_ID04.mps,SP_N50_rc_1_rGamma_1_dc_0.035_dGamma_0.0005_SP_N50_ID04.aux
SP_N50_rc_1_rGamma_1_dc_0.035_dGamma_0.0005_SP_N50_ID05,instances/originalSP/N50_rc_1_rGamma_1_dc_0.035_dGamma_0.0005/SP_N50_rc_1_rGamma_1_dc_0.035_dGamma_0.0005_SP_N50_ID05.txt,TSP,DDRO_BI,A,50,1225,,5,100,min,min,100,0.01,23.928052,4900,2450,7400,3676,117600,SP_N50_rc_1_rGamma_1_dc_0.035_dGamma_0.0005_SP_N50_ID05.mps,SP_N50_rc_1_rGamma_1_dc_0.035_dGamma_0.0005_SP_N50_ID05.aux
SP_N50_rc_1_rGamma_1_dc_0.035_dGamma_0.0005_SP_N50_ID06,instances/originalSP/N50_rc_1_rGamma_1_dc_0.035_dGamma_0.0005/SP_N50_rc_1_rGamma_1_dc_0.035_dGamma_0.0005_SP_N50_ID06.txt,TSP,DDRO_BI,A,50,1225,,6,100,min,min,100,0.01,24.400903,4900,2450,7400,3676,117216,SP_N50_rc_1_rGamma_1_dc_0.035_dGamma_0.0005_SP_N50_ID06.mps,SP_N50_rc_1_rGamma_1_dc_0.035_dGamma_0.0005_SP_N50_ID06.aux
SP_N50_rc_1_rGamma_1_dc_0.035_dGamma_0.0005_SP_N50_ID07,instances/originalSP/N50_rc_1_rGamma_1_dc_0.035_dGamma_0.0005/SP_N50_rc_1_rGamma_1_dc_0.035_dGamma_0.0005_SP_N50_ID07.txt,TSP,DDRO_BI,A,50,1225,,7,100,min,min,100,0.01,24.289096,4900,2450,7400,3676,116736,SP_N50_rc_1_rGamma_1_dc_0.035_dGamma_0.0005_SP_N50_ID07.mps,SP_N50_rc_1_rGamma_1_dc_0.035_dGamma_0.0005_SP_N50_ID07.aux
SP_N50_rc_1_rGamma_1_dc_0.035_dGamma_0.0005_SP_N50_ID08,instances/originalSP/N50_rc_1_rGamma_1_dc_0.035_dGamma_0.0005/SP_N50_rc_1_rGamma_1_dc_0.035_dGamma_0.0005_SP_N50_ID08.txt,TSP,DDRO_BI,A,50,1225,,8,100,min,min,100,0.01,23.980769,4900,2450,7400,3676,117216,SP_N50_rc_1_rGamma_1_dc_0.035_dGamma_0.0005_SP_N50_ID08.mps,SP_N50_rc_1_rGamma_1_dc_0.035_dGamma_0.0005_SP_N50_ID08.aux
SP_N50_rc_1_rGamma_1_dc_0.035_dGamma_0.0005_SP_N50_ID09,instances/originalSP/N50_rc_1_rGamma_1_dc_0.035_dGamma_0.0005/SP_N50_rc_1_rGamma_1_dc_0.035_dGamma_0.0005_SP_N50_ID09.txt,TSP,DDRO_BI,A,50,1225,,9,100,min,min,100,0.01,24.527652,4900,2450,7400,3676,117312,SP_N50_rc_1_rGamma_1_dc_0.035_dGamma_0.0005_SP_N50_ID09.mps,SP_N50_rc_1_rGamma_1_dc_0.035_dGamma_0.0005_SP_N50_ID09.aux
SP_N50_rc_1_rGamma_1_dc_0.035_dGamma_0.0005_SP_N50_ID10,instances/originalSP/N50_rc_1_rGamma_1_dc_0.035_dGamma_0.0005/SP_N50_rc_1_rGamma_1_dc_0.035_dGamma_0.0005_SP_N50_ID10.txt,TSP,DDRO_BI,A,50,1225,,10,100,min,min,100,0.01,24.268814,4900,2450,7400,3676,117312,SP_N50_rc_1_rGamma_1_dc_0.035_dGamma_0.0005_SP_N50_ID10.mps,SP_N50_rc_1_rGamma_1_dc_0.035_dGamma_0.0005_SP_N50_ID10.aux
SP_N50_rc_1_rGamma_1_dc_0.035_dGamma_0.0005_SP_N50_ID11,instances/originalSP/N50_rc_1_rGamma_1_dc_0.035_dGamma_0.0005/SP_N50_rc_1_rGamma_1_dc_0.035_dGamma_0.0005_SP_N50_ID11.txt,TSP,DDRO_BI,A,50,1225,,11,100,min,min,100,0.01,23.989047,4900,2450,7400,3676,117120,SP_N50_rc_1_rGamma_1_dc_0.035_dGamma_0.0005_SP_N50_ID11.mps,SP_N50_rc_1_rGamma_1_dc_0.035_dGamma_0.0005_SP_N50_ID11.aux
SP_N50_rc_1_rGamma_1_dc_0.035_dGamma_0.0005_SP_N50_ID12,instances/originalSP/N50_rc_1_rGamma_1_dc_0.035_dGamma_0.0005/SP_N50_rc_1_rGamma_1_dc_0.035_dGamma_0.0005_SP_N50_ID12.txt,TSP,DDRO_BI,A,50,1225,,12,100,min,min,100,0.01,23.842936,4900,2450,7400,3676,117120,SP_N50_rc_1_rGamma_1_dc_0.035_dGamma_0.0005_SP_N50_ID12.mps,SP_N50_rc_1_rGamma_1_dc_0.035_dGamma_0.0005_SP_N50_ID12.aux
SP_N50_rc_1_rGamma_1_dc_0.035_dGamma_0.0005_SP_N50_ID13,instances/originalSP/N50_rc_1_rGamma_1_dc_0.035_dGamma_0.0005/SP_N50_rc_1_rGamma_1_dc_0.035_dGamma_0.0005_SP_N50_ID13.txt,TSP,DDRO_BI,A,50,1225,,13,100,min,min,100,0.01,23.799616,4900,2450,7400,3676,117312,SP_N50_rc_1_rGamma_1_dc_0.035_dGamma_0.0005_SP_N50_ID13.mps,SP_N50_rc_1_rGamma_1_dc_0.035_dGamma_0.0005_SP_N50_ID13.aux
SP_N50_rc_1_rGamma_1_dc_0.035_dGamma_0.0005_SP_N50_ID14,instances/originalSP/N50_rc_1_rGamma_1_dc_0.035_dGamma_0.0005/SP_N50_rc_1_rGamma_1_dc_0.035_dGamma_0.0005_SP_N50_ID14.txt,TSP,DDRO_BI,A,50,1225,,14,100,min,min,100,0.01,23.983812,4900,2450,7400,3676,117216,SP_N50_rc_1_rGamma_1_dc_0.035_dGamma_0.0005_SP_N50_ID14.mps,SP_N50_rc_1_rGamma_1_dc_0.035_dGamma_0.0005_SP_N50_ID14.aux
SP_N50_rc_1_rGamma_1_dc_0.035_dGamma_0.0005_SP_N50_ID15,instances/originalSP/N50_rc_1_rGamma_1_dc_0.035_dGamma_0.0005/SP_N50_rc_1_rGamma_1_dc_0.035_dGamma_0.0005_SP_N50_ID15.txt,TSP,DDRO_BI,A,50,1225,,15,100,min,min,100,0.01,24.065595,4900,2450,7400,3676,117600,SP_N50_rc_1_rGamma_1_dc_0.035_dGamma_0.0005_SP_N50_ID15.mps,SP_N50_rc_1_rGamma_1_dc_0.035_dGamma_0.0005_SP_N50_ID15.aux
SP_N50_rc_1_rGamma_1_dc_0.035_dGamma_0.0005_SP_N50_ID16,instances/originalSP/N50_rc_1_rGamma_1_dc_0.035_dGamma_0.0005/SP_N50_rc_1_rGamma_1_dc_0.035_dGamma_0.0005_SP_N50_ID16.txt,TSP,DDRO_BI,A,50,1225,,16,100,min,min,100,0.01,24.526068,4900,2450,7400,3676,117504,SP_N50_rc_1_rGamma_1_dc_0.035_dGamma_0.0005_SP_N50_ID16.mps,SP_N50_rc_1_rGamma_1_dc_0.035_dGamma_0.0005_SP_N50_ID16.aux
SP_N50_rc_1_rGamma_1_dc_0.035_dGamma_0.0005_SP_N50_ID17,instances/originalSP/N50_rc_1_rGamma_1_dc_0.035_dGamma_0.0005/SP_N50_rc_1_rGamma_1_dc_0.035_dGamma_0.0005_SP_N50_ID17.txt,TSP,DDRO_BI,A,50,1225,,17,100,min,min,100,0.01,24.514419,4900,2450,7400,3676,117408,SP_N50_rc_1_rGamma_1_dc_0.035_dGamma_0.0005_SP_N50_ID17.mps,SP_N50_rc_1_rGamma_1_dc_0.035_dGamma_0.0005_SP_N50_ID17.aux
SP_N50_rc_1_rGamma_1_dc_0.035_dGamma_0.0005_SP_N50_ID18,instances/originalSP/N50_rc_1_rGamma_1_dc_0.035_dGamma_0.0005/SP_N50_rc_1_rGamma_1_dc_0.035_dGamma_0.0005_SP_N50_ID18.txt,TSP,DDRO_BI,A,50,1225,,18,100,min,min,100,0.01,33.723108,4900,2450,7400,3676,117216,SP_N50_rc_1_rGamma_1_dc_0.035_dGamma_0.0005_SP_N50_ID18.mps,SP_N50_rc_1_rGamma_1_dc_0.035_dGamma_0.0005_SP_N50_ID18.aux
SP_N50_rc_1_rGamma_1_dc_0.035_dGamma_0.0005_SP_N50_ID19,instances/originalSP/N50_rc_1_rGamma_1_dc_0.035_dGamma_0.0005/SP_N50_rc_1_rGamma_1_dc_0.035_dGamma_0.0005_SP_N50_ID19.txt,TSP,DDRO_BI,A,50,1225,,19,100,min,min,100,0.01,29.634453,4900,2450,7400,3676,117408,SP_N50_rc_1_rGamma_1_dc_0.035_dGamma_0.0005_SP_N50_ID19.mps,SP_N50_rc_1_rGamma_1_dc_0.035_dGamma_0.0005_SP_N50_ID19.aux
SP_N50_rc_1_rGamma_1_dc_0.035_dGamma_0.0005_SP_N50_ID20,instances/originalSP/N50_rc_1_rGamma_1_dc_0.035_dGamma_0.0005/SP_N50_rc_1_rGamma_1_dc_0.035_dGamma_0.0005_SP_N50_ID20.txt,TSP,DDRO_BI,A,50,1225,,20,100,min,min,100,0.01,23.915347,4900,2450,7400,3676,117216,SP_N50_rc_1_rGamma_1_dc_0.035_dGamma_0.0005_SP_N50_ID20.mps,SP_N50_rc_1_rGamma_1_dc_0.035_dGamma_0.0005_SP_N50_ID20.aux
